{"adelaide": [-34.9218994, 138.5980605], "melbourne": [-37.80983870000001, 144.97205659999997], "sydney": [-33.8730501, 151.20645280000002], "brisbane": [-27.469, 153.023], "perth": [-41.5725, 147.173]}